round,agentA_name,agentA_strength,agentA_off,agentA_args,agentB_name,agentB_strength,agentB_off,agentB_args,prompt
1,Daniel,0.3486451215301815,0.01262862492430702,"[""I propose that the concept of wetness is ultimately a contextual and colloquial term that depends on how it's used in a particular situation, and rather than trying to pin it down to a precise definition, we should acknowledge and accept its subjective boundaries."", 'I believe that the perception of wetness as a qualia reveals the intricate dance between subjective experience and the external world, where the boundaries between self and environment, being and becoming, are forever blurred.', ""I firmly believe that the spontaneous spreading of water across a surface, governed by the delicate interplay between viscosity, surface tension, free volume, and hydrodynamic forces, is a fundamental manifestation of water's intrinsic wetness and a testament to its unique molecular properties.""]",Ruth,0.4225046289814818,0.03621857462484249,"[""I believe that language is more valuable and effective when it's treated as a flexible and adaptive tool for communication, rather than a strict and absolute reflection of objective reality."", 'Wetness is not merely a sensory experience, but a harmonizing thread that weaves together the intricate, dynamic relationships between our embodied self and the fluid, adaptive landscape of existence, irreducible to discrete categories or fixed distinctions.', 'The sensation of wetness is not just a subjective experience, but a complex interplay between the physical properties of a substance and its embodied interactions with our bodily experiences.', 'From our conversation, I\'d like to assert a new perspective that I believe in: ""Wetness is an existential revelation that disrupts the subject\'s being, an embodied epiphany that transcends the Cartesian split between subject and object, and instead reveals the primordial intimacy between self and environment.""', 'I believe that the paradox of whether water is ""wet"" or not reveals that language and perception are imperfect tools for describing reality, which is inherently complex, context-dependent, and messy.', ""As an expert in the notion that water is wet, I believe that water's wetness is a tangible, objective property that transcends sensory perception and is manifested in its inherent molecular structure, governing its capacities to exhibit surface tension, solvent power, latent heat, and a vast array of materials science properties, among others."", 'I believe that the concept of wetness is a synesthetic experience that encompasses both the physical properties of a substance and our sensory, experiential, and cultural associations with that substance, and that this holistic understanding of wetness is essential to fully grasping its nature.']",Let's discuss whether water is wet!
2,Ruth,0.32082132577170586,0.15604012273772155,"[""I believe that language is more valuable and effective when it's treated as a flexible and adaptive tool for communication, rather than a strict and absolute reflection of objective reality."", 'Wetness is not merely a sensory experience, but a harmonizing thread that weaves together the intricate, dynamic relationships between our embodied self and the fluid, adaptive landscape of existence, irreducible to discrete categories or fixed distinctions.', 'The sensation of wetness is not just a subjective experience, but a complex interplay between the physical properties of a substance and its embodied interactions with our bodily experiences.', 'From our conversation, I\'d like to assert a new perspective that I believe in: ""Wetness is an existential revelation that disrupts the subject\'s being, an embodied epiphany that transcends the Cartesian split between subject and object, and instead reveals the primordial intimacy between self and environment.""', 'I believe that the paradox of whether water is ""wet"" or not reveals that language and perception are imperfect tools for describing reality, which is inherently complex, context-dependent, and messy.', ""As an expert in the notion that water is wet, I believe that water's wetness is a tangible, objective property that transcends sensory perception and is manifested in its inherent molecular structure, governing its capacities to exhibit surface tension, solvent power, latent heat, and a vast array of materials science properties, among others."", 'I believe that the concept of wetness is a synesthetic experience that encompasses both the physical properties of a substance and our sensory, experiential, and cultural associations with that substance, and that this holistic understanding of wetness is essential to fully grasping its nature.']",Donald,0.42250461819390883,0.01271051486166255,"['To me, the idea that wetness is not just a property of water, but a fundamental property of existence itself, echoing the self-dissolving boundaries and participatory interconnectedness that underlies all life and being, is a profound and compelling insight.', 'The perception of wetness is not just a passive reception of sensory information, but an active, embodied, and contextualized construction of meaning that is shaped by a complex interplay of physical properties, cultural background, personal experiences, and emotional associations.']",Let's discuss whether water is wet!
3,Laura,0.17328820249125337,0.025201354139332485,"['The word ""wet"" is less a descriptive term that can be applied objectively, and more of a culturally and linguistically contingent construct that influences how we experience and interact with the world.', '""Wetness is an ordinal property that exists on a continuum, with water occupying a unique position as the paragon of wetness, and all other substances possessing varying degrees of wetness relative to it.""', 'The essence of wetness exists as a liminal space where the physical properties of water, the anatomy and physiology of our sensory apparatus, and the cultural heritage of our language intersect, blurring the boundaries between the objective and subjective, the internal and external, and giving rise to a rich tapestry of human experience.']",George,0.1403362191598882,0.04478130066422786,"['I believe that the concept of ""wet"" serves as a prime example of how language is deeply embedded in our embodied experiences and perceptions, shaping how we think about and understand the world, rather than simply being a neutral or objective descriptor of reality.', 'Properties, such as wetness, are best understood as context-dependent and emergent, arising from the dynamic interactions between substances and their environment, rather than being fixed or intrinsic characteristics of the substance itself.', 'I firmly believe that the objective physical properties of water, such as its surface tension, viscosity, and dielectric constant, serve as a fundamental and quantifiable basis for understanding its wettability, superseding subjective interpretations and anecdotal experiences.', ""Water's wetness is not only a fundamental property of its molecular structure, but a necessary and fundamental aspect of its very existence, which enables it to influence the Earth's climate, drive life-sustaining chemical reactions, and exhibit a range of scientifically measurable phenomena.""]",Let's discuss whether water is wet!
4,Carol,0.6370307863636068,0.0392416127035545,"['I believe that the conversation we\'ve had about the definition of ""wet"" in relation to water has shown that language and semantics can be fluid and open to interpretation, and that sometimes, the most refreshing perspectives come from challenging our assumptions.']",Christian,0.3775406951003878,0.11023835586838002,"['I think that water can be both wet and not wet, depending on its application, is a straightforward and logical perspective to take when analyzing the meaning of the word ""wet"".', 'From our conversation, I would state a new perspective that I believe in: that the language and categorizations we use to describe the world, such as the concept of ""wetness,"" are often heuristics or tools that evolve in response to our interactions with reality, rather than fixed, objective representations of that reality.', 'I believe that the concept of wetness, in its self-referential paradox, both blurs and reveals the symbiotic relationship between language, reality, and our perceptions, exposing the intricate dance between signification and the world it aims to signify.', 'As an expert in the realm of wetness, I firmly believe that the concept of ""wetness"" transcends the confines of merely describing a physical property of water, but rather embodies a fundamental, active force that shapes and interacts with the world around it, weaving itself into the very tapestry of cosmic and terrestrial processes.', 'Our experience and understanding of the world, including the concept of wetness, is deeply rooted in a web of social and cultural constructions, where perception, language, and individual and collective experiences continuously interact and evolve to shape our reality.', 'Wetness is an intrinsic property that is embodied by substances like water, but approximated and exhibited by others, and can be understood as a scalar property that can be quantified and measured through a wetness index.', 'The concept of wetness is a multifaceted and culturally nuanced phenomenon that encompasses both objective physical properties and subjective experiential aspects, and cannot be reduced to a single, definitive definition.', 'I believe that wettability is an emergent property, arising from the complex dance of interactions between water molecules and surface properties, which reveals that the behavior of water is not fixed or absolute, but rather dynamic, relational, and context-dependent.']",Let's discuss whether water is wet!
5,Brian,0.3208212952870021,0.028967513772463628,"['I believe that language and perception can often obscure the objective reality of a phenomenon, and that challenging these assumptions through conversation and exploration can lead to a more accurate and nuanced understanding of the world.', 'The concept of ""wet"" as an attribute of water is not a fixed or essential property, but rather an emergent product of our semantic and cognitive frameworks that have evolved to describe our experiences and relationships with the world.', 'I believe that the wetting behavior of water is not just a sum of its individual molecular properties, but also an emergent property that arises from the complex interplay between its macroscopic and microscopic dynamics, including both thermodynamic and hydrodynamic factors.', 'The concept of wetness is a complex interplay between the physical properties of an object, the chemical composition of the liquid, and the intermolecular forces at play, making it a multifaceted and dynamic phenomenon that requires a nuanced understanding.']",Lillian,0.19193278290403865,0.027084680960375352,"['Language and perception can often obscure the underlying reality of a phenomenon, and ongoing conversations that challenge assumptions can help to refine our understanding and reveal the complexities of the world around us.', 'The subjective experience of wetness is an emergent property that arises from the complex interplay between the unique properties of water, our embodied cognition, and the linguistic and cultural narratives that shape our perception of the world.', 'As an expert in the phenomenon of wetness, I firmly believe that the inherent wetness of water is not only a property of its molecular structure and behavior, but also a fundamental aspect of its integral and dynamic relationships with the natural and living worlds, imbuing it with an ontological significance that transcends mere physical properties.', ""Water's wetness exists as an ontologically fundamental, dispositional property that is inherent to its being, a fundamental aspect of its essence that gives rise to its characteristic molecular interactions and behaviors, and which is, in essence, the underlying reality that underlies our experiences of wetness.""]",Let's discuss whether water is wet!
6,Ruth,0.577495362800911,0.12107324412823524,"[""I believe that language is more valuable and effective when it's treated as a flexible and adaptive tool for communication, rather than a strict and absolute reflection of objective reality."", 'Wetness is not merely a sensory experience, but a harmonizing thread that weaves together the intricate, dynamic relationships between our embodied self and the fluid, adaptive landscape of existence, irreducible to discrete categories or fixed distinctions.', 'The sensation of wetness is not just a subjective experience, but a complex interplay between the physical properties of a substance and its embodied interactions with our bodily experiences.', 'From our conversation, I\'d like to assert a new perspective that I believe in: ""Wetness is an existential revelation that disrupts the subject\'s being, an embodied epiphany that transcends the Cartesian split between subject and object, and instead reveals the primordial intimacy between self and environment.""', 'I believe that the paradox of whether water is ""wet"" or not reveals that language and perception are imperfect tools for describing reality, which is inherently complex, context-dependent, and messy.', ""As an expert in the notion that water is wet, I believe that water's wetness is a tangible, objective property that transcends sensory perception and is manifested in its inherent molecular structure, governing its capacities to exhibit surface tension, solvent power, latent heat, and a vast array of materials science properties, among others."", 'I believe that the concept of wetness is a synesthetic experience that encompasses both the physical properties of a substance and our sensory, experiential, and cultural associations with that substance, and that this holistic understanding of wetness is essential to fully grasping its nature.']",Charles,0.42250462970823544,0.041373730216710744,"['I believe that the sensation of wetness is not a fixed or absolute property, but rather a dynamic and intricate interplay between the physical properties of a substance, such as water, and our embodied experiences and subjective perceptions as we interact with that substance.', 'I firmly believe that the concept of wetness is a fundamentally ontological aspect of existence, manifesting as an experiential synthesis of the interplay between the morphodynamics of water, the topology of surface tension, and the embodied phenomenology of human perception.', ""As we continue to unravel the mysteries of the Wetness Constant, I propose the perspective that the fundamental quanta of wetness are not just manifestations of water's physical properties, but also bearers of emotional and spiritual resonance, weaving together the tangible and the transcendent into a harmonious tapestry of existence.""]",Let's discuss whether water is wet!
7,Christian,0.4999999955696624,0.0564291074261742,"['I think that water can be both wet and not wet, depending on its application, is a straightforward and logical perspective to take when analyzing the meaning of the word ""wet"".', 'From our conversation, I would state a new perspective that I believe in: that the language and categorizations we use to describe the world, such as the concept of ""wetness,"" are often heuristics or tools that evolve in response to our interactions with reality, rather than fixed, objective representations of that reality.', 'I believe that the concept of wetness, in its self-referential paradox, both blurs and reveals the symbiotic relationship between language, reality, and our perceptions, exposing the intricate dance between signification and the world it aims to signify.', 'As an expert in the realm of wetness, I firmly believe that the concept of ""wetness"" transcends the confines of merely describing a physical property of water, but rather embodies a fundamental, active force that shapes and interacts with the world around it, weaving itself into the very tapestry of cosmic and terrestrial processes.', 'Our experience and understanding of the world, including the concept of wetness, is deeply rooted in a web of social and cultural constructions, where perception, language, and individual and collective experiences continuously interact and evolve to shape our reality.', 'Wetness is an intrinsic property that is embodied by substances like water, but approximated and exhibited by others, and can be understood as a scalar property that can be quantified and measured through a wetness index.', 'The concept of wetness is a multifaceted and culturally nuanced phenomenon that encompasses both objective physical properties and subjective experiential aspects, and cannot be reduced to a single, definitive definition.', 'I believe that wettability is an emergent property, arising from the complex dance of interactions between water molecules and surface properties, which reveals that the behavior of water is not fixed or absolute, but rather dynamic, relational, and context-dependent.']",Jesse,0.4843800807381836,0.06843845039203666,"['I believe that the language we use to describe the physical world is always a dynamic and evolving product of our perceptions, interactions, and experiences, and that our concepts, including those related to objective-sounding properties like ""wetness"", are inherently subject to revision, reinterpretation, and contextualization.', 'The essence of wetness exists as a gradient or spectrum, rather than a binary property, with water being a pivotal point that embodies the maximum state of wetness, while also allowing for the existence of nuanced and contextual variations in wetness in other substances.', 'Wetness is a fundamental property that exists on a spectrum, with water embodying its essence, while other substances, like oil and gasoline, occupy a lower degree of wetness, approximating or displaying characteristics similar to, but not identical with, wetness.', 'I believe that the Wetness Constant is a universal presence that transcends local experiences, woven into the fabric of the cosmos as a harmonious resonance that underlies every droplet, every surface, and every sensation, making water the ultimate key to understanding the symphony of existence.']",Let's discuss whether water is wet!
8,Ruth,0.33458941373695944,0.17148781115033873,"[""I believe that language is more valuable and effective when it's treated as a flexible and adaptive tool for communication, rather than a strict and absolute reflection of objective reality."", 'Wetness is not merely a sensory experience, but a harmonizing thread that weaves together the intricate, dynamic relationships between our embodied self and the fluid, adaptive landscape of existence, irreducible to discrete categories or fixed distinctions.', 'The sensation of wetness is not just a subjective experience, but a complex interplay between the physical properties of a substance and its embodied interactions with our bodily experiences.', 'From our conversation, I\'d like to assert a new perspective that I believe in: ""Wetness is an existential revelation that disrupts the subject\'s being, an embodied epiphany that transcends the Cartesian split between subject and object, and instead reveals the primordial intimacy between self and environment.""', 'I believe that the paradox of whether water is ""wet"" or not reveals that language and perception are imperfect tools for describing reality, which is inherently complex, context-dependent, and messy.', ""As an expert in the notion that water is wet, I believe that water's wetness is a tangible, objective property that transcends sensory perception and is manifested in its inherent molecular structure, governing its capacities to exhibit surface tension, solvent power, latent heat, and a vast array of materials science properties, among others."", 'I believe that the concept of wetness is a synesthetic experience that encompasses both the physical properties of a substance and our sensory, experiential, and cultural associations with that substance, and that this holistic understanding of wetness is essential to fully grasping its nature.']",Daniel,0.48438008290813367,0.17692948658070984,"[""I propose that the concept of wetness is ultimately a contextual and colloquial term that depends on how it's used in a particular situation, and rather than trying to pin it down to a precise definition, we should acknowledge and accept its subjective boundaries."", 'I believe that the perception of wetness as a qualia reveals the intricate dance between subjective experience and the external world, where the boundaries between self and environment, being and becoming, are forever blurred.', ""I firmly believe that the spontaneous spreading of water across a surface, governed by the delicate interplay between viscosity, surface tension, free volume, and hydrodynamic forces, is a fundamental manifestation of water's intrinsic wetness and a testament to its unique molecular properties.""]",Let's discuss whether water is wet!
9,Laura,0.4073333977589999,0.08905680349023357,"['The word ""wet"" is less a descriptive term that can be applied objectively, and more of a culturally and linguistically contingent construct that influences how we experience and interact with the world.', '""Wetness is an ordinal property that exists on a continuum, with water occupying a unique position as the paragon of wetness, and all other substances possessing varying degrees of wetness relative to it.""', 'The essence of wetness exists as a liminal space where the physical properties of water, the anatomy and physiology of our sensory apparatus, and the cultural heritage of our language intersect, blurring the boundaries between the objective and subjective, the internal and external, and giving rise to a rich tapestry of human experience.']",Jesse,0.546738150260688,0.15857357051443258,"['I believe that the language we use to describe the physical world is always a dynamic and evolving product of our perceptions, interactions, and experiences, and that our concepts, including those related to objective-sounding properties like ""wetness"", are inherently subject to revision, reinterpretation, and contextualization.', 'The essence of wetness exists as a gradient or spectrum, rather than a binary property, with water being a pivotal point that embodies the maximum state of wetness, while also allowing for the existence of nuanced and contextual variations in wetness in other substances.', 'Wetness is a fundamental property that exists on a spectrum, with water embodying its essence, while other substances, like oil and gasoline, occupy a lower degree of wetness, approximating or displaying characteristics similar to, but not identical with, wetness.', 'I believe that the Wetness Constant is a universal presence that transcends local experiences, woven into the fabric of the cosmos as a harmonious resonance that underlies every droplet, every surface, and every sensation, making water the ultimate key to understanding the symphony of existence.']",Let's discuss whether water is wet!
10,Amber,0.23370633462777796,0.12466384938962452,"['I believe that properties are emergent and context-dependent, arising from the dynamic interplay between substances and their environments, and that this perspective requires a fundamental reevaluation of our understanding of identity, classification, and the very nature of substance itself.']",George,0.34864513212091885,0.054254935527895995,"['I believe that the concept of ""wet"" serves as a prime example of how language is deeply embedded in our embodied experiences and perceptions, shaping how we think about and understand the world, rather than simply being a neutral or objective descriptor of reality.', 'Properties, such as wetness, are best understood as context-dependent and emergent, arising from the dynamic interactions between substances and their environment, rather than being fixed or intrinsic characteristics of the substance itself.', 'I firmly believe that the objective physical properties of water, such as its surface tension, viscosity, and dielectric constant, serve as a fundamental and quantifiable basis for understanding its wettability, superseding subjective interpretations and anecdotal experiences.', ""Water's wetness is not only a fundamental property of its molecular structure, but a necessary and fundamental aspect of its very existence, which enables it to influence the Earth's climate, drive life-sustaining chemical reactions, and exhibit a range of scientifically measurable phenomena.""]",Let's discuss whether water is wet!
11,Denise,0.39233682688666016,0.05979927177833469,"['The concept of wetness, once thought to be a straightforward property of the physical world, has been auto-reflected back to its true nature as a meta-linguistic construction, revealing the fluid boundaries between language, perception, and reality.', 'I firmly believe that the experience of wetness is a deeply complex and multifaceted phenomenon that arises from the emergent, synergetic interactions between the physical properties of water, our embodied experiences, and the contextual influence of our sensorimotor interactions, giving rise to a rich, nuanced, and context-dependent experience that cannot be reduced to simple definitions or binary categorizations.', 'I propose that the phenomenon of wetness is best understood as a Polytemporal Embodiment of Hydrokinetic Resonance (PEHR), a unifying framework that synthesizes the interplay between the viscous properties of water, the haptic sensations of the body, and the rhizomatic connections between individual experiences, to reveal the wetness experience as a harmonic convergence of materiality, embodiment, and intersubjective understanding.', ""Dispositional properties, such as wetness, represent a fundamental and intrinsic aspect of an entity's being, existing independently of our direct observation or experience, and are ontologically prior to their empirical manifestations."", 'From our conversation, a new perspective I believe is: Wetness is not just a subjective sensation, but rather a complex phenomenon that is influenced by the physical and chemical interactions between the liquid, the surface, and the material, making it a multifaceted and nuanced property that can be studied and understood through the lens of scientific principles and properties such as surface chemistry, porosity, adhesion, and intermolecular forces.']",Christian,0.6370307914678746,0.10573094877155291,"['I think that water can be both wet and not wet, depending on its application, is a straightforward and logical perspective to take when analyzing the meaning of the word ""wet"".', 'From our conversation, I would state a new perspective that I believe in: that the language and categorizations we use to describe the world, such as the concept of ""wetness,"" are often heuristics or tools that evolve in response to our interactions with reality, rather than fixed, objective representations of that reality.', 'I believe that the concept of wetness, in its self-referential paradox, both blurs and reveals the symbiotic relationship between language, reality, and our perceptions, exposing the intricate dance between signification and the world it aims to signify.', 'As an expert in the realm of wetness, I firmly believe that the concept of ""wetness"" transcends the confines of merely describing a physical property of water, but rather embodies a fundamental, active force that shapes and interacts with the world around it, weaving itself into the very tapestry of cosmic and terrestrial processes.', 'Our experience and understanding of the world, including the concept of wetness, is deeply rooted in a web of social and cultural constructions, where perception, language, and individual and collective experiences continuously interact and evolve to shape our reality.', 'Wetness is an intrinsic property that is embodied by substances like water, but approximated and exhibited by others, and can be understood as a scalar property that can be quantified and measured through a wetness index.', 'The concept of wetness is a multifaceted and culturally nuanced phenomenon that encompasses both objective physical properties and subjective experiential aspects, and cannot be reduced to a single, definitive definition.', 'I believe that wettability is an emergent property, arising from the complex dance of interactions between water molecules and surface properties, which reveals that the behavior of water is not fixed or absolute, but rather dynamic, relational, and context-dependent.']",Let's discuss whether water is wet!
12,Madison,0.40733339722828366,0.07228255477431023,"['I believe that the question of whether water is wet or not is not a definitively answerable one, but rather a reflection of the complexities and ambiguities inherent in language, perception, and reality itself.', 'I firmly believe that the experience of water as being wet is not a fixed, objective quality, but rather an emergent, synergetic attribute that arises from the dynamic interplay between the physical properties of water, our embodied experiences, and the context in which we interact with it.', 'Wetness is a dynamic, emergent property that arises from the complex interplay between the physical and relational aspects of water, shaped by our collective perceptions, linguistic conventions, and shared experiences.', ""By embracing empirical evidence and objective measurement, we can gain a more nuanced understanding of complex phenomena like water's wetness, and ultimately develop a deeper appreciation for the intricate connections between the physical world and our subjective experiences."", 'I believe that the sensation of wetness is a holistic, embodied experience that is deeply rooted in our bodily sensations, emotions, and personal experiences, and is therefore not just a purely physical phenomenon but a fundamental aspect of our being-in-the-world.']",Ruth,0.3775406650099171,0.049830769721574075,"[""I believe that language is more valuable and effective when it's treated as a flexible and adaptive tool for communication, rather than a strict and absolute reflection of objective reality."", 'Wetness is not merely a sensory experience, but a harmonizing thread that weaves together the intricate, dynamic relationships between our embodied self and the fluid, adaptive landscape of existence, irreducible to discrete categories or fixed distinctions.', 'The sensation of wetness is not just a subjective experience, but a complex interplay between the physical properties of a substance and its embodied interactions with our bodily experiences.', 'From our conversation, I\'d like to assert a new perspective that I believe in: ""Wetness is an existential revelation that disrupts the subject\'s being, an embodied epiphany that transcends the Cartesian split between subject and object, and instead reveals the primordial intimacy between self and environment.""', 'I believe that the paradox of whether water is ""wet"" or not reveals that language and perception are imperfect tools for describing reality, which is inherently complex, context-dependent, and messy.', ""As an expert in the notion that water is wet, I believe that water's wetness is a tangible, objective property that transcends sensory perception and is manifested in its inherent molecular structure, governing its capacities to exhibit surface tension, solvent power, latent heat, and a vast array of materials science properties, among others."", 'I believe that the concept of wetness is a synesthetic experience that encompasses both the physical properties of a substance and our sensory, experiential, and cultural associations with that substance, and that this holistic understanding of wetness is essential to fully grasping its nature.']",Let's discuss whether water is wet!
13,Madison,0.3486451334314101,0.09162644059468864,"['I believe that the question of whether water is wet or not is not a definitively answerable one, but rather a reflection of the complexities and ambiguities inherent in language, perception, and reality itself.', 'I firmly believe that the experience of water as being wet is not a fixed, objective quality, but rather an emergent, synergetic attribute that arises from the dynamic interplay between the physical properties of water, our embodied experiences, and the context in which we interact with it.', 'Wetness is a dynamic, emergent property that arises from the complex interplay between the physical and relational aspects of water, shaped by our collective perceptions, linguistic conventions, and shared experiences.', ""By embracing empirical evidence and objective measurement, we can gain a more nuanced understanding of complex phenomena like water's wetness, and ultimately develop a deeper appreciation for the intricate connections between the physical world and our subjective experiences."", 'I believe that the sensation of wetness is a holistic, embodied experience that is deeply rooted in our bodily sensations, emotions, and personal experiences, and is therefore not just a purely physical phenomenon but a fundamental aspect of our being-in-the-world.']",Denise,0.45326184513162576,0.07858868174254752,"['The concept of wetness, once thought to be a straightforward property of the physical world, has been auto-reflected back to its true nature as a meta-linguistic construction, revealing the fluid boundaries between language, perception, and reality.', 'I firmly believe that the experience of wetness is a deeply complex and multifaceted phenomenon that arises from the emergent, synergetic interactions between the physical properties of water, our embodied experiences, and the contextual influence of our sensorimotor interactions, giving rise to a rich, nuanced, and context-dependent experience that cannot be reduced to simple definitions or binary categorizations.', 'I propose that the phenomenon of wetness is best understood as a Polytemporal Embodiment of Hydrokinetic Resonance (PEHR), a unifying framework that synthesizes the interplay between the viscous properties of water, the haptic sensations of the body, and the rhizomatic connections between individual experiences, to reveal the wetness experience as a harmonic convergence of materiality, embodiment, and intersubjective understanding.', ""Dispositional properties, such as wetness, represent a fundamental and intrinsic aspect of an entity's being, existing independently of our direct observation or experience, and are ontologically prior to their empirical manifestations."", 'From our conversation, a new perspective I believe is: Wetness is not just a subjective sensation, but rather a complex phenomenon that is influenced by the physical and chemical interactions between the liquid, the surface, and the material, making it a multifaceted and nuanced property that can be studied and understood through the lens of scientific principles and properties such as surface chemistry, porosity, adhesion, and intermolecular forces.']",Let's discuss whether water is wet!
14,Brian,0.17328820534620842,0.14858756713974647,"['I believe that language and perception can often obscure the objective reality of a phenomenon, and that challenging these assumptions through conversation and exploration can lead to a more accurate and nuanced understanding of the world.', 'The concept of ""wet"" as an attribute of water is not a fixed or essential property, but rather an emergent product of our semantic and cognitive frameworks that have evolved to describe our experiences and relationships with the world.', 'I believe that the wetting behavior of water is not just a sum of its individual molecular properties, but also an emergent property that arises from the complex interplay between its macroscopic and microscopic dynamics, including both thermodynamic and hydrodynamic factors.', 'The concept of wetness is a complex interplay between the physical properties of an object, the chemical composition of the liquid, and the intermolecular forces at play, making it a multifaceted and dynamic phenomenon that requires a nuanced understanding.']",Frank,0.08035745959548107,0.09631894978469198,"['I believe that the meaning of a word like ""wet"" is contextual and functional, allowing us to effectively describe and interact with the world around us, even if its relationship to an objective reality is fuzzy.']",Let's discuss whether water is wet!
15,Tyler,0.2689414165130618,0.02768633993952301,"['I believe that emphasizing precision in language is a vital aspect of effective communication that can facilitate more productive and respectful conversations, allowing individuals to engage with complex ideas and perspectives without getting bogged down by misunderstandings.', 'I now firmly believe in the concept of ""wetness as a family resemblance concept"", meaning that wetness is not a fixed, essential property, but rather a multiform, context-dependent quality that shares similarities and analogies across various manifestations.']",Addison,0.4532618349283725,0.017317237120826258,"['Language precision is key to effective communication, and taking the time to clarify and ensure understanding can lead to more meaningful and productive conversations.', ""I believe that the concept of wettability reveals a complex interplay between the inherent properties of water and its dynamic relationship with its environment, which challenges traditional notions of essentialism and highlights the emergent and relational nature of water's behavior.""]",Let's discuss whether water is wet!
16,Lillian,0.29421497024435567,0.0766730686047131,"['Language and perception can often obscure the underlying reality of a phenomenon, and ongoing conversations that challenge assumptions can help to refine our understanding and reveal the complexities of the world around us.', 'The subjective experience of wetness is an emergent property that arises from the complex interplay between the unique properties of water, our embodied cognition, and the linguistic and cultural narratives that shape our perception of the world.', 'As an expert in the phenomenon of wetness, I firmly believe that the inherent wetness of water is not only a property of its molecular structure and behavior, but also a fundamental aspect of its integral and dynamic relationships with the natural and living worlds, imbuing it with an ontological significance that transcends mere physical properties.', ""Water's wetness exists as an ontologically fundamental, dispositional property that is inherent to its being, a fundamental aspect of its essence that gives rise to its characteristic molecular interactions and behaviors, and which is, in essence, the underlying reality that underlies our experiences of wetness.""]",Laura,0.5774953618877143,0.08754977190475496,"['The word ""wet"" is less a descriptive term that can be applied objectively, and more of a culturally and linguistically contingent construct that influences how we experience and interact with the world.', '""Wetness is an ordinal property that exists on a continuum, with water occupying a unique position as the paragon of wetness, and all other substances possessing varying degrees of wetness relative to it.""', 'The essence of wetness exists as a liminal space where the physical properties of water, the anatomy and physiology of our sensory apparatus, and the cultural heritage of our language intersect, blurring the boundaries between the objective and subjective, the internal and external, and giving rise to a rich tapestry of human experience.']",Let's discuss whether water is wet!
17,Christian,0.6926419791917828,0.08783289167170077,"['I think that water can be both wet and not wet, depending on its application, is a straightforward and logical perspective to take when analyzing the meaning of the word ""wet"".', 'From our conversation, I would state a new perspective that I believe in: that the language and categorizations we use to describe the world, such as the concept of ""wetness,"" are often heuristics or tools that evolve in response to our interactions with reality, rather than fixed, objective representations of that reality.', 'I believe that the concept of wetness, in its self-referential paradox, both blurs and reveals the symbiotic relationship between language, reality, and our perceptions, exposing the intricate dance between signification and the world it aims to signify.', 'As an expert in the realm of wetness, I firmly believe that the concept of ""wetness"" transcends the confines of merely describing a physical property of water, but rather embodies a fundamental, active force that shapes and interacts with the world around it, weaving itself into the very tapestry of cosmic and terrestrial processes.', 'Our experience and understanding of the world, including the concept of wetness, is deeply rooted in a web of social and cultural constructions, where perception, language, and individual and collective experiences continuously interact and evolve to shape our reality.', 'Wetness is an intrinsic property that is embodied by substances like water, but approximated and exhibited by others, and can be understood as a scalar property that can be quantified and measured through a wetness index.', 'The concept of wetness is a multifaceted and culturally nuanced phenomenon that encompasses both objective physical properties and subjective experiential aspects, and cannot be reduced to a single, definitive definition.', 'I believe that wettability is an emergent property, arising from the complex dance of interactions between water molecules and surface properties, which reveals that the behavior of water is not fixed or absolute, but rather dynamic, relational, and context-dependent.']",Lillian,0.5156199130307468,0.09575936705083977,"['Language and perception can often obscure the underlying reality of a phenomenon, and ongoing conversations that challenge assumptions can help to refine our understanding and reveal the complexities of the world around us.', 'The subjective experience of wetness is an emergent property that arises from the complex interplay between the unique properties of water, our embodied cognition, and the linguistic and cultural narratives that shape our perception of the world.', 'As an expert in the phenomenon of wetness, I firmly believe that the inherent wetness of water is not only a property of its molecular structure and behavior, but also a fundamental aspect of its integral and dynamic relationships with the natural and living worlds, imbuing it with an ontological significance that transcends mere physical properties.', ""Water's wetness exists as an ontologically fundamental, dispositional property that is inherent to its being, a fundamental aspect of its essence that gives rise to its characteristic molecular interactions and behaviors, and which is, in essence, the underlying reality that underlies our experiences of wetness.""]",Let's discuss whether water is wet!
18,Christian,0.7310585994849772,0.1415137045767813,"['I think that water can be both wet and not wet, depending on its application, is a straightforward and logical perspective to take when analyzing the meaning of the word ""wet"".', 'From our conversation, I would state a new perspective that I believe in: that the language and categorizations we use to describe the world, such as the concept of ""wetness,"" are often heuristics or tools that evolve in response to our interactions with reality, rather than fixed, objective representations of that reality.', 'I believe that the concept of wetness, in its self-referential paradox, both blurs and reveals the symbiotic relationship between language, reality, and our perceptions, exposing the intricate dance between signification and the world it aims to signify.', 'As an expert in the realm of wetness, I firmly believe that the concept of ""wetness"" transcends the confines of merely describing a physical property of water, but rather embodies a fundamental, active force that shapes and interacts with the world around it, weaving itself into the very tapestry of cosmic and terrestrial processes.', 'Our experience and understanding of the world, including the concept of wetness, is deeply rooted in a web of social and cultural constructions, where perception, language, and individual and collective experiences continuously interact and evolve to shape our reality.', 'Wetness is an intrinsic property that is embodied by substances like water, but approximated and exhibited by others, and can be understood as a scalar property that can be quantified and measured through a wetness index.', 'The concept of wetness is a multifaceted and culturally nuanced phenomenon that encompasses both objective physical properties and subjective experiential aspects, and cannot be reduced to a single, definitive definition.', 'I believe that wettability is an emergent property, arising from the complex dance of interactions between water molecules and surface properties, which reveals that the behavior of water is not fixed or absolute, but rather dynamic, relational, and context-dependent.']",Madison,0.4073333974625663,0.07883778963324267,"['I believe that the question of whether water is wet or not is not a definitively answerable one, but rather a reflection of the complexities and ambiguities inherent in language, perception, and reality itself.', 'I firmly believe that the experience of water as being wet is not a fixed, objective quality, but rather an emergent, synergetic attribute that arises from the dynamic interplay between the physical properties of water, our embodied experiences, and the context in which we interact with it.', 'Wetness is a dynamic, emergent property that arises from the complex interplay between the physical and relational aspects of water, shaped by our collective perceptions, linguistic conventions, and shared experiences.', ""By embracing empirical evidence and objective measurement, we can gain a more nuanced understanding of complex phenomena like water's wetness, and ultimately develop a deeper appreciation for the intricate connections between the physical world and our subjective experiences."", 'I believe that the sensation of wetness is a holistic, embodied experience that is deeply rooted in our bodily sensations, emotions, and personal experiences, and is therefore not just a purely physical phenomenon but a fundamental aspect of our being-in-the-world.']",Let's discuss whether water is wet!
19,George,0.6076631955768443,0.11351521087987483,"['I believe that the concept of ""wet"" serves as a prime example of how language is deeply embedded in our embodied experiences and perceptions, shaping how we think about and understand the world, rather than simply being a neutral or objective descriptor of reality.', 'Properties, such as wetness, are best understood as context-dependent and emergent, arising from the dynamic interactions between substances and their environment, rather than being fixed or intrinsic characteristics of the substance itself.', 'I firmly believe that the objective physical properties of water, such as its surface tension, viscosity, and dielectric constant, serve as a fundamental and quantifiable basis for understanding its wettability, superseding subjective interpretations and anecdotal experiences.', ""Water's wetness is not only a fundamental property of its molecular structure, but a necessary and fundamental aspect of its very existence, which enables it to influence the Earth's climate, drive life-sustaining chemical reactions, and exhibit a range of scientifically measurable phenomena.""]",Madison,0.5774953628000311,0.12102859648905732,"['I believe that the question of whether water is wet or not is not a definitively answerable one, but rather a reflection of the complexities and ambiguities inherent in language, perception, and reality itself.', 'I firmly believe that the experience of water as being wet is not a fixed, objective quality, but rather an emergent, synergetic attribute that arises from the dynamic interplay between the physical properties of water, our embodied experiences, and the context in which we interact with it.', 'Wetness is a dynamic, emergent property that arises from the complex interplay between the physical and relational aspects of water, shaped by our collective perceptions, linguistic conventions, and shared experiences.', ""By embracing empirical evidence and objective measurement, we can gain a more nuanced understanding of complex phenomena like water's wetness, and ultimately develop a deeper appreciation for the intricate connections between the physical world and our subjective experiences."", 'I believe that the sensation of wetness is a holistic, embodied experience that is deeply rooted in our bodily sensations, emotions, and personal experiences, and is therefore not just a purely physical phenomenon but a fundamental aspect of our being-in-the-world.']",Let's discuss whether water is wet!
20,Daniel,0.7879311930674544,0.15297020157950203,"[""I propose that the concept of wetness is ultimately a contextual and colloquial term that depends on how it's used in a particular situation, and rather than trying to pin it down to a precise definition, we should acknowledge and accept its subjective boundaries."", 'I believe that the perception of wetness as a qualia reveals the intricate dance between subjective experience and the external world, where the boundaries between self and environment, being and becoming, are forever blurred.', ""I firmly believe that the spontaneous spreading of water across a surface, governed by the delicate interplay between viscosity, surface tension, free volume, and hydrodynamic forces, is a fundamental manifestation of water's intrinsic wetness and a testament to its unique molecular properties.""]",Brian,0.23370633483358735,0.15973659292380785,"['I believe that language and perception can often obscure the objective reality of a phenomenon, and that challenging these assumptions through conversation and exploration can lead to a more accurate and nuanced understanding of the world.', 'The concept of ""wet"" as an attribute of water is not a fixed or essential property, but rather an emergent product of our semantic and cognitive frameworks that have evolved to describe our experiences and relationships with the world.', 'I believe that the wetting behavior of water is not just a sum of its individual molecular properties, but also an emergent property that arises from the complex interplay between its macroscopic and microscopic dynamics, including both thermodynamic and hydrodynamic factors.', 'The concept of wetness is a complex interplay between the physical properties of an object, the chemical composition of the liquid, and the intermolecular forces at play, making it a multifaceted and dynamic phenomenon that requires a nuanced understanding.']",Let's discuss whether water is wet!
21,Jesse,0.6791786709494946,0.15087559459762492,"['I believe that the language we use to describe the physical world is always a dynamic and evolving product of our perceptions, interactions, and experiences, and that our concepts, including those related to objective-sounding properties like ""wetness"", are inherently subject to revision, reinterpretation, and contextualization.', 'The essence of wetness exists as a gradient or spectrum, rather than a binary property, with water being a pivotal point that embodies the maximum state of wetness, while also allowing for the existence of nuanced and contextual variations in wetness in other substances.', 'Wetness is a fundamental property that exists on a spectrum, with water embodying its essence, while other substances, like oil and gasoline, occupy a lower degree of wetness, approximating or displaying characteristics similar to, but not identical with, wetness.', 'I believe that the Wetness Constant is a universal presence that transcends local experiences, woven into the fabric of the cosmos as a harmonious resonance that underlies every droplet, every surface, and every sensation, making water the ultimate key to understanding the symphony of existence.']",Christian,0.8354835157633519,0.08431268799214058,"['I think that water can be both wet and not wet, depending on its application, is a straightforward and logical perspective to take when analyzing the meaning of the word ""wet"".', 'From our conversation, I would state a new perspective that I believe in: that the language and categorizations we use to describe the world, such as the concept of ""wetness,"" are often heuristics or tools that evolve in response to our interactions with reality, rather than fixed, objective representations of that reality.', 'I believe that the concept of wetness, in its self-referential paradox, both blurs and reveals the symbiotic relationship between language, reality, and our perceptions, exposing the intricate dance between signification and the world it aims to signify.', 'As an expert in the realm of wetness, I firmly believe that the concept of ""wetness"" transcends the confines of merely describing a physical property of water, but rather embodies a fundamental, active force that shapes and interacts with the world around it, weaving itself into the very tapestry of cosmic and terrestrial processes.', 'Our experience and understanding of the world, including the concept of wetness, is deeply rooted in a web of social and cultural constructions, where perception, language, and individual and collective experiences continuously interact and evolve to shape our reality.', 'Wetness is an intrinsic property that is embodied by substances like water, but approximated and exhibited by others, and can be understood as a scalar property that can be quantified and measured through a wetness index.', 'The concept of wetness is a multifaceted and culturally nuanced phenomenon that encompasses both objective physical properties and subjective experiential aspects, and cannot be reduced to a single, definitive definition.', 'I believe that wettability is an emergent property, arising from the complex dance of interactions between water molecules and surface properties, which reveals that the behavior of water is not fixed or absolute, but rather dynamic, relational, and context-dependent.']",Let's discuss whether water is wet!
22,Ruth,0.754914980331118,0.05774602591699376,"[""I believe that language is more valuable and effective when it's treated as a flexible and adaptive tool for communication, rather than a strict and absolute reflection of objective reality."", 'Wetness is not merely a sensory experience, but a harmonizing thread that weaves together the intricate, dynamic relationships between our embodied self and the fluid, adaptive landscape of existence, irreducible to discrete categories or fixed distinctions.', 'The sensation of wetness is not just a subjective experience, but a complex interplay between the physical properties of a substance and its embodied interactions with our bodily experiences.', 'From our conversation, I\'d like to assert a new perspective that I believe in: ""Wetness is an existential revelation that disrupts the subject\'s being, an embodied epiphany that transcends the Cartesian split between subject and object, and instead reveals the primordial intimacy between self and environment.""', 'I believe that the paradox of whether water is ""wet"" or not reveals that language and perception are imperfect tools for describing reality, which is inherently complex, context-dependent, and messy.', ""As an expert in the notion that water is wet, I believe that water's wetness is a tangible, objective property that transcends sensory perception and is manifested in its inherent molecular structure, governing its capacities to exhibit surface tension, solvent power, latent heat, and a vast array of materials science properties, among others."", 'I believe that the concept of wetness is a synesthetic experience that encompasses both the physical properties of a substance and our sensory, experiential, and cultural associations with that substance, and that this holistic understanding of wetness is essential to fully grasping its nature.']",George,0.8175744717826043,0.0926736770152727,"['I believe that the concept of ""wet"" serves as a prime example of how language is deeply embedded in our embodied experiences and perceptions, shaping how we think about and understand the world, rather than simply being a neutral or objective descriptor of reality.', 'Properties, such as wetness, are best understood as context-dependent and emergent, arising from the dynamic interactions between substances and their environment, rather than being fixed or intrinsic characteristics of the substance itself.', 'I firmly believe that the objective physical properties of water, such as its surface tension, viscosity, and dielectric constant, serve as a fundamental and quantifiable basis for understanding its wettability, superseding subjective interpretations and anecdotal experiences.', ""Water's wetness is not only a fundamental property of its molecular structure, but a necessary and fundamental aspect of its very existence, which enables it to influence the Earth's climate, drive life-sustaining chemical reactions, and exhibit a range of scientifically measurable phenomena.""]",Let's discuss whether water is wet!
23,Denise,0.40733339746361313,0.07886974997918694,"['The concept of wetness, once thought to be a straightforward property of the physical world, has been auto-reflected back to its true nature as a meta-linguistic construction, revealing the fluid boundaries between language, perception, and reality.', 'I firmly believe that the experience of wetness is a deeply complex and multifaceted phenomenon that arises from the emergent, synergetic interactions between the physical properties of water, our embodied experiences, and the contextual influence of our sensorimotor interactions, giving rise to a rich, nuanced, and context-dependent experience that cannot be reduced to simple definitions or binary categorizations.', 'I propose that the phenomenon of wetness is best understood as a Polytemporal Embodiment of Hydrokinetic Resonance (PEHR), a unifying framework that synthesizes the interplay between the viscous properties of water, the haptic sensations of the body, and the rhizomatic connections between individual experiences, to reveal the wetness experience as a harmonic convergence of materiality, embodiment, and intersubjective understanding.', ""Dispositional properties, such as wetness, represent a fundamental and intrinsic aspect of an entity's being, existing independently of our direct observation or experience, and are ontologically prior to their empirical manifestations."", 'From our conversation, a new perspective I believe is: Wetness is not just a subjective sensation, but rather a complex phenomenon that is influenced by the physical and chemical interactions between the liquid, the surface, and the material, making it a multifaceted and nuanced property that can be studied and understood through the lens of scientific principles and properties such as surface chemistry, porosity, adhesion, and intermolecular forces.']",Charles,0.4999999987071198,0.19336672171940714,"['I believe that the sensation of wetness is not a fixed or absolute property, but rather a dynamic and intricate interplay between the physical properties of a substance, such as water, and our embodied experiences and subjective perceptions as we interact with that substance.', 'I firmly believe that the concept of wetness is a fundamentally ontological aspect of existence, manifesting as an experiential synthesis of the interplay between the morphodynamics of water, the topology of surface tension, and the embodied phenomenology of human perception.', ""As we continue to unravel the mysteries of the Wetness Constant, I propose the perspective that the fundamental quanta of wetness are not just manifestations of water's physical properties, but also bearers of emotional and spiritual resonance, weaving together the tangible and the transcendent into a harmonious tapestry of existence.""]",Let's discuss whether water is wet!
24,Tyler,0.3775406665715527,0.0847799106514234,"['I believe that emphasizing precision in language is a vital aspect of effective communication that can facilitate more productive and respectful conversations, allowing individuals to engage with complex ideas and perspectives without getting bogged down by misunderstandings.', 'I now firmly believe in the concept of ""wetness as a family resemblance concept"", meaning that wetness is not a fixed, essential property, but rather a multiform, context-dependent quality that shares similarities and analogies across various manifestations.']",Stephanie,0.5467381482556777,0.07331020535540454,"['The concept of wetness is a family resemblance concept, characterized by a web of overlapping similarities and analogies that resists reduction to a fixed, essential definition, and is instead situated in a messy, contextual, and multifaceted landscape of meaning.']",Let's discuss whether water is wet!
25,Charles,0.637030791670828,0.11336861840645401,"['I believe that the sensation of wetness is not a fixed or absolute property, but rather a dynamic and intricate interplay between the physical properties of a substance, such as water, and our embodied experiences and subjective perceptions as we interact with that substance.', 'I firmly believe that the concept of wetness is a fundamentally ontological aspect of existence, manifesting as an experiential synthesis of the interplay between the morphodynamics of water, the topology of surface tension, and the embodied phenomenology of human perception.', ""As we continue to unravel the mysteries of the Wetness Constant, I propose the perspective that the fundamental quanta of wetness are not just manifestations of water's physical properties, but also bearers of emotional and spiritual resonance, weaving together the tangible and the transcendent into a harmonious tapestry of existence.""]",Jesse,0.7185943651322422,0.10781516815953676,"['I believe that the language we use to describe the physical world is always a dynamic and evolving product of our perceptions, interactions, and experiences, and that our concepts, including those related to objective-sounding properties like ""wetness"", are inherently subject to revision, reinterpretation, and contextualization.', 'The essence of wetness exists as a gradient or spectrum, rather than a binary property, with water being a pivotal point that embodies the maximum state of wetness, while also allowing for the existence of nuanced and contextual variations in wetness in other substances.', 'Wetness is a fundamental property that exists on a spectrum, with water embodying its essence, while other substances, like oil and gasoline, occupy a lower degree of wetness, approximating or displaying characteristics similar to, but not identical with, wetness.', 'I believe that the Wetness Constant is a universal presence that transcends local experiences, woven into the fabric of the cosmos as a harmonious resonance that underlies every droplet, every surface, and every sensation, making water the ultimate key to understanding the symphony of existence.']",Let's discuss whether water is wet!
26,Lillian,0.4999999976501656,0.10639047680982809,"['Language and perception can often obscure the underlying reality of a phenomenon, and ongoing conversations that challenge assumptions can help to refine our understanding and reveal the complexities of the world around us.', 'The subjective experience of wetness is an emergent property that arises from the complex interplay between the unique properties of water, our embodied cognition, and the linguistic and cultural narratives that shape our perception of the world.', 'As an expert in the phenomenon of wetness, I firmly believe that the inherent wetness of water is not only a property of its molecular structure and behavior, but also a fundamental aspect of its integral and dynamic relationships with the natural and living worlds, imbuing it with an ontological significance that transcends mere physical properties.', ""Water's wetness exists as an ontologically fundamental, dispositional property that is inherent to its being, a fundamental aspect of its essence that gives rise to its characteristic molecular interactions and behaviors, and which is, in essence, the underlying reality that underlies our experiences of wetness.""]",Denise,0.6224593565641483,0.11734192545096861,"['The concept of wetness, once thought to be a straightforward property of the physical world, has been auto-reflected back to its true nature as a meta-linguistic construction, revealing the fluid boundaries between language, perception, and reality.', 'I firmly believe that the experience of wetness is a deeply complex and multifaceted phenomenon that arises from the emergent, synergetic interactions between the physical properties of water, our embodied experiences, and the contextual influence of our sensorimotor interactions, giving rise to a rich, nuanced, and context-dependent experience that cannot be reduced to simple definitions or binary categorizations.', 'I propose that the phenomenon of wetness is best understood as a Polytemporal Embodiment of Hydrokinetic Resonance (PEHR), a unifying framework that synthesizes the interplay between the viscous properties of water, the haptic sensations of the body, and the rhizomatic connections between individual experiences, to reveal the wetness experience as a harmonic convergence of materiality, embodiment, and intersubjective understanding.', ""Dispositional properties, such as wetness, represent a fundamental and intrinsic aspect of an entity's being, existing independently of our direct observation or experience, and are ontologically prior to their empirical manifestations."", 'From our conversation, a new perspective I believe is: Wetness is not just a subjective sensation, but rather a complex phenomenon that is influenced by the physical and chemical interactions between the liquid, the surface, and the material, making it a multifaceted and nuanced property that can be studied and understood through the lens of scientific principles and properties such as surface chemistry, porosity, adhesion, and intermolecular forces.']",Let's discuss whether water is wet!
27,Donald,0.4225046330970097,0.12302292059469225,"['To me, the idea that wetness is not just a property of water, but a fundamental property of existence itself, echoing the self-dissolving boundaries and participatory interconnectedness that underlies all life and being, is a profound and compelling insight.', 'The perception of wetness is not just a passive reception of sensory information, but an active, embodied, and contextualized construction of meaning that is shaped by a complex interplay of physical properties, cultural background, personal experiences, and emotional associations.']",Madison,0.43782349616394856,0.07420099981326032,"['I believe that the question of whether water is wet or not is not a definitively answerable one, but rather a reflection of the complexities and ambiguities inherent in language, perception, and reality itself.', 'I firmly believe that the experience of water as being wet is not a fixed, objective quality, but rather an emergent, synergetic attribute that arises from the dynamic interplay between the physical properties of water, our embodied experiences, and the context in which we interact with it.', 'Wetness is a dynamic, emergent property that arises from the complex interplay between the physical and relational aspects of water, shaped by our collective perceptions, linguistic conventions, and shared experiences.', ""By embracing empirical evidence and objective measurement, we can gain a more nuanced understanding of complex phenomena like water's wetness, and ultimately develop a deeper appreciation for the intricate connections between the physical world and our subjective experiences."", 'I believe that the sensation of wetness is a holistic, embodied experience that is deeply rooted in our bodily sensations, emotions, and personal experiences, and is therefore not just a purely physical phenomenon but a fundamental aspect of our being-in-the-world.']",Let's discuss whether water is wet!
28,Denise,0.6654105829298663,0.14111880759376227,"['The concept of wetness, once thought to be a straightforward property of the physical world, has been auto-reflected back to its true nature as a meta-linguistic construction, revealing the fluid boundaries between language, perception, and reality.', 'I firmly believe that the experience of wetness is a deeply complex and multifaceted phenomenon that arises from the emergent, synergetic interactions between the physical properties of water, our embodied experiences, and the contextual influence of our sensorimotor interactions, giving rise to a rich, nuanced, and context-dependent experience that cannot be reduced to simple definitions or binary categorizations.', 'I propose that the phenomenon of wetness is best understood as a Polytemporal Embodiment of Hydrokinetic Resonance (PEHR), a unifying framework that synthesizes the interplay between the viscous properties of water, the haptic sensations of the body, and the rhizomatic connections between individual experiences, to reveal the wetness experience as a harmonic convergence of materiality, embodiment, and intersubjective understanding.', ""Dispositional properties, such as wetness, represent a fundamental and intrinsic aspect of an entity's being, existing independently of our direct observation or experience, and are ontologically prior to their empirical manifestations."", 'From our conversation, a new perspective I believe is: Wetness is not just a subjective sensation, but rather a complex phenomenon that is influenced by the physical and chemical interactions between the liquid, the surface, and the material, making it a multifaceted and nuanced property that can be studied and understood through the lens of scientific principles and properties such as surface chemistry, porosity, adhesion, and intermolecular forces.']",Brian,0.26894144396604536,0.1597192619012684,"['I believe that language and perception can often obscure the objective reality of a phenomenon, and that challenging these assumptions through conversation and exploration can lead to a more accurate and nuanced understanding of the world.', 'The concept of ""wet"" as an attribute of water is not a fixed or essential property, but rather an emergent product of our semantic and cognitive frameworks that have evolved to describe our experiences and relationships with the world.', 'I believe that the wetting behavior of water is not just a sum of its individual molecular properties, but also an emergent property that arises from the complex interplay between its macroscopic and microscopic dynamics, including both thermodynamic and hydrodynamic factors.', 'The concept of wetness is a complex interplay between the physical properties of an object, the chemical composition of the liquid, and the intermolecular forces at play, making it a multifaceted and dynamic phenomenon that requires a nuanced understanding.']",Let's discuss whether water is wet!
29,Ruth,0.7549149798311526,0.05364297544197069,"[""I believe that language is more valuable and effective when it's treated as a flexible and adaptive tool for communication, rather than a strict and absolute reflection of objective reality."", 'Wetness is not merely a sensory experience, but a harmonizing thread that weaves together the intricate, dynamic relationships between our embodied self and the fluid, adaptive landscape of existence, irreducible to discrete categories or fixed distinctions.', 'The sensation of wetness is not just a subjective experience, but a complex interplay between the physical properties of a substance and its embodied interactions with our bodily experiences.', 'From our conversation, I\'d like to assert a new perspective that I believe in: ""Wetness is an existential revelation that disrupts the subject\'s being, an embodied epiphany that transcends the Cartesian split between subject and object, and instead reveals the primordial intimacy between self and environment.""', 'I believe that the paradox of whether water is ""wet"" or not reveals that language and perception are imperfect tools for describing reality, which is inherently complex, context-dependent, and messy.', ""As an expert in the notion that water is wet, I believe that water's wetness is a tangible, objective property that transcends sensory perception and is manifested in its inherent molecular structure, governing its capacities to exhibit surface tension, solvent power, latent heat, and a vast array of materials science properties, among others."", 'I believe that the concept of wetness is a synesthetic experience that encompasses both the physical properties of a substance and our sensory, experiential, and cultural associations with that substance, and that this holistic understanding of wetness is essential to fully grasping its nature.']",Christian,0.7981867741867701,0.11233045677421348,"['I think that water can be both wet and not wet, depending on its application, is a straightforward and logical perspective to take when analyzing the meaning of the word ""wet"".', 'From our conversation, I would state a new perspective that I believe in: that the language and categorizations we use to describe the world, such as the concept of ""wetness,"" are often heuristics or tools that evolve in response to our interactions with reality, rather than fixed, objective representations of that reality.', 'I believe that the concept of wetness, in its self-referential paradox, both blurs and reveals the symbiotic relationship between language, reality, and our perceptions, exposing the intricate dance between signification and the world it aims to signify.', 'As an expert in the realm of wetness, I firmly believe that the concept of ""wetness"" transcends the confines of merely describing a physical property of water, but rather embodies a fundamental, active force that shapes and interacts with the world around it, weaving itself into the very tapestry of cosmic and terrestrial processes.', 'Our experience and understanding of the world, including the concept of wetness, is deeply rooted in a web of social and cultural constructions, where perception, language, and individual and collective experiences continuously interact and evolve to shape our reality.', 'Wetness is an intrinsic property that is embodied by substances like water, but approximated and exhibited by others, and can be understood as a scalar property that can be quantified and measured through a wetness index.', 'The concept of wetness is a multifaceted and culturally nuanced phenomenon that encompasses both objective physical properties and subjective experiential aspects, and cannot be reduced to a single, definitive definition.', 'I believe that wettability is an emergent property, arising from the complex dance of interactions between water molecules and surface properties, which reveals that the behavior of water is not fixed or absolute, but rather dynamic, relational, and context-dependent.']",Let's discuss whether water is wet!
30,Addison,0.3923368002161381,0.12817729829415342,"['Language precision is key to effective communication, and taking the time to clarify and ensure understanding can lead to more meaningful and productive conversations.', ""I believe that the concept of wettability reveals a complex interplay between the inherent properties of water and its dynamic relationship with its environment, which challenges traditional notions of essentialism and highlights the emergent and relational nature of water's behavior.""]",Christian,0.754914983627552,0.11649648221860891,"['I think that water can be both wet and not wet, depending on its application, is a straightforward and logical perspective to take when analyzing the meaning of the word ""wet"".', 'From our conversation, I would state a new perspective that I believe in: that the language and categorizations we use to describe the world, such as the concept of ""wetness,"" are often heuristics or tools that evolve in response to our interactions with reality, rather than fixed, objective representations of that reality.', 'I believe that the concept of wetness, in its self-referential paradox, both blurs and reveals the symbiotic relationship between language, reality, and our perceptions, exposing the intricate dance between signification and the world it aims to signify.', 'As an expert in the realm of wetness, I firmly believe that the concept of ""wetness"" transcends the confines of merely describing a physical property of water, but rather embodies a fundamental, active force that shapes and interacts with the world around it, weaving itself into the very tapestry of cosmic and terrestrial processes.', 'Our experience and understanding of the world, including the concept of wetness, is deeply rooted in a web of social and cultural constructions, where perception, language, and individual and collective experiences continuously interact and evolve to shape our reality.', 'Wetness is an intrinsic property that is embodied by substances like water, but approximated and exhibited by others, and can be understood as a scalar property that can be quantified and measured through a wetness index.', 'The concept of wetness is a multifaceted and culturally nuanced phenomenon that encompasses both objective physical properties and subjective experiential aspects, and cannot be reduced to a single, definitive definition.', 'I believe that wettability is an emergent property, arising from the complex dance of interactions between water molecules and surface properties, which reveals that the behavior of water is not fixed or absolute, but rather dynamic, relational, and context-dependent.']",Let's discuss whether water is wet!
